{
  "loss": [
    0.03954296186566353,
    0.03322989121079445,
    0.027714859694242477,
    0.023013092577457428,
    0.019031289964914322,
    0.015673816204071045,
    0.012853778898715973,
    0.03589578717947006,
    0.035259369760751724,
    0.03461618348956108,
    0.03397759422659874,
    0.03334639593958855,
    0.032723747193813324,
    0.032110217958688736
  ],
  "accuracy": [
    0.0,
    0.0,
    0.0,
    0.0,
    0.0,
    0.0,
    0.0,
    0.0,
    0.0,
    0.0,
    0.0,
    0.0,
    0.0,
    0.0
  ],
  "top3_acc": [
    1.0,
    1.0,
    1.0,
    1.0,
    1.0,
    1.0,
    1.0,
    1.0,
    1.0,
    1.0,
    1.0,
    1.0,
    1.0,
    1.0
  ],
  "val_loss": [
    0.03618678078055382,
    0.030255701392889023,
    0.02517223358154297,
    0.020856648683547974,
    0.017210757359862328,
    0.014142898842692375,
    0.011571384966373444,
    0.03557222709059715,
    0.03492867574095726,
    0.034287143498659134,
    0.03365207836031914,
    0.033025145530700684,
    0.03240712359547615,
    0.031798381358385086
  ],
  "val_accuracy": [
    0.0,
    0.0,
    0.0,
    0.0,
    0.0,
    0.0,
    0.0,
    0.0,
    0.0,
    0.0,
    0.0,
    0.0,
    0.0,
    0.0
  ],
  "val_top3_acc": [
    1.0,
    1.0,
    1.0,
    1.0,
    1.0,
    1.0,
    1.0,
    1.0,
    1.0,
    1.0,
    1.0,
    1.0,
    1.0,
    1.0
  ],
  "lr": [
    9.999999747378752e-05,
    9.999999747378752e-05,
    9.999999747378752e-05,
    9.999999747378752e-05,
    9.999999747378752e-05,
    9.999999747378752e-05,
    9.999999747378752e-05,
    9.999999747378752e-06,
    9.999999747378752e-06,
    9.999999747378752e-06,
    9.999999747378752e-06,
    9.999999747378752e-06,
    9.999999747378752e-06,
    9.999999747378752e-06
  ]
}